id;descripcion;fecha_actualizacion;materia;numero_preguntas;pregunta
1;Central of;2022-06-02;Ferrocarril;12239;New Coche
2;Credit Nacional Planificador;2022-06-02;Ronda Configuración;41552;Virtual Account AI
3;contingencia Ergonómico Distrito;2022-06-02;Director;9347;Andalucía Verde
4;Pescado;2022-06-02;Borders Cliente sensor;49314;Librería
5;Castilla-La compress;2022-06-02;haptic Papelería enhance;3676;hacking
6;Rojo;2022-06-02;systems Avon;54599;sistémica networks hard
7;Berkshire;2022-06-03;Seguro SSL;13993;Práctico
8;Dinar Auto reintermediate;2022-06-02;systems Taka Granito;21524;bus Cliente
9;copy invoice;2022-06-02;visionary Buckinghamshire USB;49149;Programa
10;Burundi Vía innovadora;2022-06-02;instalación;34625;Bedfordshire cross-media
